frequency_Hz,gammaA_real,gammaA_imag,gammaB_real,gammaB_imag,gammaC_real,gammaC_imag
5000000.0,0.3758770483028563,-0.1368080573618829,-0.138918542332344,-0.7878462023747127,0.106066017244892,0.1060660171110721
10000000.0,0.3758770483028563,-0.1368080573618829,-0.138918542332344,-0.7878462023747127,0.106066017244892,0.1060660171110721
15000000.0,0.3758770483028563,-0.1368080573618829,-0.138918542332344,-0.7878462023747127,0.106066017244892,0.1060660171110721
20000000.0,0.3758770483028563,-0.1368080573618829,-0.138918542332344,-0.7878462023747127,0.106066017244892,0.1060660171110721
25000000.0,0.3758770483028563,-0.1368080573618829,-0.138918542332344,-0.7878462023747127,0.106066017244892,0.1060660171110721
30000000.0,0.3758770483028563,-0.1368080573618829,-0.138918542332344,-0.7878462023747127,0.106066017244892,0.1060660171110721
35000000.0,0.3758770483028563,-0.1368080573618829,-0.138918542332344,-0.7878462023747127,0.106066017244892,0.1060660171110721
40000000.0,0.3758770483028563,-0.1368080573618829,-0.138918542332344,-0.7878462023747127,0.106066017244892,0.1060660171110721
45000000.0,0.3758770483028563,-0.1368080573618829,-0.138918542332344,-0.7878462023747127,0.106066017244892,0.1060660171110721
50000000.0,0.3758770483028563,-0.1368080573618829,-0.138918542332344,-0.7878462023747127,0.106066017244892,0.1060660171110721
55000000.0,0.3758770483028563,-0.1368080573618829,-0.138918542332344,-0.7878462023747127,0.106066017244892,0.1060660171110721
60000000.0,0.3758770483028563,-0.1368080573618829,-0.138918542332344,-0.7878462023747127,0.106066017244892,0.1060660171110721
65000000.0,0.3758770483028563,-0.1368080573618829,-0.138918542332344,-0.7878462023747127,0.106066017244892,0.1060660171110721
70000000.0,0.3758770483028563,-0.1368080573618829,-0.138918542332344,-0.7878462023747127,0.106066017244892,0.1060660171110721
75000000.0,0.3758770483028563,-0.1368080573618829,-0.138918542332344,-0.7878462023747127,0.106066017244892,0.1060660171110721
80000000.0,0.3758770483028563,-0.1368080573618829,-0.138918542332344,-0.7878462023747127,0.106066017244892,0.1060660171110721
85000000.0,0.3758770483028563,-0.1368080573618829,-0.138918542332344,-0.7878462023747127,0.106066017244892,0.1060660171110721
90000000.0,0.3758770483028563,-0.1368080573618829,-0.138918542332344,-0.7878462023747127,0.106066017244892,0.1060660171110721
95000000.0,0.3758770483028563,-0.1368080573618829,-0.138918542332344,-0.7878462023747127,0.106066017244892,0.1060660171110721
100000000.0,0.3758770483028563,-0.1368080573618829,-0.138918542332344,-0.7878462023747127,0.106066017244892,0.1060660171110721
105000000.0,0.3758770483028563,-0.1368080573618829,-0.138918542332344,-0.7878462023747127,0.106066017244892,0.1060660171110721
110000000.0,0.3758770483028563,-0.1368080573618829,-0.138918542332344,-0.7878462023747127,0.106066017244892,0.1060660171110721
115000000.0,0.3758770483028563,-0.1368080573618829,-0.138918542332344,-0.7878462023747127,0.106066017244892,0.1060660171110721
120000000.0,0.3758770483028563,-0.1368080573618829,-0.138918542332344,-0.7878462023747127,0.106066017244892,0.1060660171110721
125000000.0,0.3758770483028563,-0.1368080573618829,-0.138918542332344,-0.7878462023747127,0.106066017244892,0.1060660171110721
130000000.0,0.3758770483028563,-0.1368080573618829,-0.138918542332344,-0.7878462023747127,0.106066017244892,0.1060660171110721
135000000.0,0.3758770483028563,-0.1368080573618829,-0.138918542332344,-0.7878462023747127,0.106066017244892,0.1060660171110721
140000000.0,0.3758770483028563,-0.1368080573618829,-0.138918542332344,-0.7878462023747127,0.106066017244892,0.1060660171110721
145000000.0,0.3758770483028563,-0.1368080573618829,-0.138918542332344,-0.7878462023747127,0.106066017244892,0.1060660171110721
150000000.0,0.3758770483028563,-0.1368080573618829,-0.138918542332344,-0.7878462023747127,0.106066017244892,0.1060660171110721
155000000.0,0.3758770483028563,-0.1368080573618829,-0.138918542332344,-0.7878462023747127,0.106066017244892,0.1060660171110721
160000000.0,0.3758770483028563,-0.1368080573618829,-0.138918542332344,-0.7878462023747127,0.106066017244892,0.1060660171110721
165000000.0,0.3758770483028563,-0.1368080573618829,-0.138918542332344,-0.7878462023747127,0.106066017244892,0.1060660171110721
170000000.0,0.3758770483028563,-0.1368080573618829,-0.138918542332344,-0.7878462023747127,0.106066017244892,0.1060660171110721
175000000.0,0.3758770483028563,-0.1368080573618829,-0.138918542332344,-0.7878462023747127,0.106066017244892,0.1060660171110721
180000000.0,0.3758770483028563,-0.1368080573618829,-0.138918542332344,-0.7878462023747127,0.106066017244892,0.1060660171110721
185000000.0,0.3758770483028563,-0.1368080573618829,-0.138918542332344,-0.7878462023747127,0.106066017244892,0.1060660171110721
190000000.0,0.3758770483028563,-0.1368080573618829,-0.138918542332344,-0.7878462023747127,0.106066017244892,0.1060660171110721
195000000.0,0.3758770483028563,-0.1368080573618829,-0.138918542332344,-0.7878462023747127,0.106066017244892,0.1060660171110721
200000000.0,0.3758770483028563,-0.1368080573618829,-0.138918542332344,-0.7878462023747127,0.106066017244892,0.1060660171110721
205000000.0,0.3758770483028563,-0.1368080573618829,-0.138918542332344,-0.7878462023747127,0.106066017244892,0.1060660171110721
210000000.0,0.3758770483028563,-0.1368080573618829,-0.138918542332344,-0.7878462023747127,0.106066017244892,0.1060660171110721
215000000.0,0.3758770483028563,-0.1368080573618829,-0.138918542332344,-0.7878462023747127,0.106066017244892,0.1060660171110721
220000000.0,0.3758770483028563,-0.1368080573618829,-0.138918542332344,-0.7878462023747127,0.106066017244892,0.1060660171110721
225000000.0,0.3758770483028563,-0.1368080573618829,-0.138918542332344,-0.7878462023747127,0.106066017244892,0.1060660171110721
230000000.0,0.3758770483028563,-0.1368080573618829,-0.138918542332344,-0.7878462023747127,0.106066017244892,0.1060660171110721
235000000.0,0.3758770483028563,-0.1368080573618829,-0.138918542332344,-0.7878462023747127,0.106066017244892,0.1060660171110721
240000000.0,0.3758770483028563,-0.1368080573618829,-0.138918542332344,-0.7878462023747127,0.106066017244892,0.1060660171110721
245000000.0,0.3758770483028563,-0.1368080573618829,-0.138918542332344,-0.7878462023747127,0.106066017244892,0.1060660171110721
250000000.0,0.3758770483028563,-0.1368080573618829,-0.138918542332344,-0.7878462023747127,0.106066017244892,0.1060660171110721
255000000.0,0.3758770483028563,-0.1368080573618829,-0.138918542332344,-0.7878462023747127,0.106066017244892,0.1060660171110721
260000000.0,0.3758770483028563,-0.1368080573618829,-0.138918542332344,-0.7878462023747127,0.106066017244892,0.1060660171110721
265000000.0,0.3758770483028563,-0.1368080573618829,-0.138918542332344,-0.7878462023747127,0.106066017244892,0.1060660171110721
270000000.0,0.3758770483028563,-0.1368080573618829,-0.138918542332344,-0.7878462023747127,0.106066017244892,0.1060660171110721
275000000.0,0.3758770483028563,-0.1368080573618829,-0.138918542332344,-0.7878462023747127,0.106066017244892,0.1060660171110721
280000000.0,0.3758770483028563,-0.1368080573618829,-0.138918542332344,-0.7878462023747127,0.106066017244892,0.1060660171110721
285000000.0,0.3758770483028563,-0.1368080573618829,-0.138918542332344,-0.7878462023747127,0.106066017244892,0.1060660171110721
290000000.0,0.3758770483028563,-0.1368080573618829,-0.138918542332344,-0.7878462023747127,0.106066017244892,0.1060660171110721
295000000.0,0.3758770483028563,-0.1368080573618829,-0.138918542332344,-0.7878462023747127,0.106066017244892,0.1060660171110721
300000000.0,0.3758770483028563,-0.1368080573618829,-0.138918542332344,-0.7878462023747127,0.106066017244892,0.1060660171110721
305000000.0,0.3758770483028563,-0.1368080573618829,-0.138918542332344,-0.7878462023747127,0.106066017244892,0.1060660171110721
310000000.0,0.3758770483028563,-0.1368080573618829,-0.138918542332344,-0.7878462023747127,0.106066017244892,0.1060660171110721
315000000.0,0.3758770483028563,-0.1368080573618829,-0.138918542332344,-0.7878462023747127,0.106066017244892,0.1060660171110721
320000000.0,0.3758770483028563,-0.1368080573618829,-0.138918542332344,-0.7878462023747127,0.106066017244892,0.1060660171110721
325000000.0,0.3758770483028563,-0.1368080573618829,-0.138918542332344,-0.7878462023747127,0.106066017244892,0.1060660171110721
330000000.0,0.3758770483028563,-0.1368080573618829,-0.138918542332344,-0.7878462023747127,0.106066017244892,0.1060660171110721
335000000.0,0.3758770483028563,-0.1368080573618829,-0.138918542332344,-0.7878462023747127,0.106066017244892,0.1060660171110721
340000000.0,0.3758770483028563,-0.1368080573618829,-0.138918542332344,-0.7878462023747127,0.106066017244892,0.1060660171110721
345000000.0,0.3758770483028563,-0.1368080573618829,-0.138918542332344,-0.7878462023747127,0.106066017244892,0.1060660171110721
350000000.0,0.3758770483028563,-0.1368080573618829,-0.138918542332344,-0.7878462023747127,0.106066017244892,0.1060660171110721
355000000.0,0.3758770483028563,-0.1368080573618829,-0.138918542332344,-0.7878462023747127,0.106066017244892,0.1060660171110721
360000000.0,0.3758770483028563,-0.1368080573618829,-0.138918542332344,-0.7878462023747127,0.106066017244892,0.1060660171110721
365000000.0,0.3758770483028563,-0.1368080573618829,-0.138918542332344,-0.7878462023747127,0.106066017244892,0.1060660171110721
370000000.0,0.3758770483028563,-0.1368080573618829,-0.138918542332344,-0.7878462023747127,0.106066017244892,0.1060660171110721
375000000.0,0.3758770483028563,-0.1368080573618829,-0.138918542332344,-0.7878462023747127,0.106066017244892,0.1060660171110721
380000000.0,0.3758770483028563,-0.1368080573618829,-0.138918542332344,-0.7878462023747127,0.106066017244892,0.1060660171110721
385000000.0,0.3758770483028563,-0.1368080573618829,-0.138918542332344,-0.7878462023747127,0.106066017244892,0.1060660171110721
390000000.0,0.3758770483028563,-0.1368080573618829,-0.138918542332344,-0.7878462023747127,0.106066017244892,0.1060660171110721
395000000.0,0.3758770483028563,-0.1368080573618829,-0.138918542332344,-0.7878462023747127,0.106066017244892,0.1060660171110721
400000000.0,0.3758770483028563,-0.1368080573618829,-0.138918542332344,-0.7878462023747127,0.106066017244892,0.1060660171110721
405000000.0,0.3758770483028563,-0.1368080573618829,-0.138918542332344,-0.7878462023747127,0.106066017244892,0.1060660171110721
410000000.0,0.3758770483028563,-0.1368080573618829,-0.138918542332344,-0.7878462023747127,0.106066017244892,0.1060660171110721
415000000.0,0.3758770483028563,-0.1368080573618829,-0.138918542332344,-0.7878462023747127,0.106066017244892,0.1060660171110721
420000000.0,0.3758770483028563,-0.1368080573618829,-0.138918542332344,-0.7878462023747127,0.106066017244892,0.1060660171110721
425000000.0,0.3758770483028563,-0.1368080573618829,-0.138918542332344,-0.7878462023747127,0.106066017244892,0.1060660171110721
430000000.0,0.3758770483028563,-0.1368080573618829,-0.138918542332344,-0.7878462023747127,0.106066017244892,0.1060660171110721
435000000.0,0.3758770483028563,-0.1368080573618829,-0.138918542332344,-0.7878462023747127,0.106066017244892,0.1060660171110721
440000000.0,0.3758770483028563,-0.1368080573618829,-0.138918542332344,-0.7878462023747127,0.106066017244892,0.1060660171110721
445000000.0,0.3758770483028563,-0.1368080573618829,-0.138918542332344,-0.7878462023747127,0.106066017244892,0.1060660171110721
450000000.0,0.3758770483028563,-0.1368080573618829,-0.138918542332344,-0.7878462023747127,0.106066017244892,0.1060660171110721
455000000.0,0.3758770483028563,-0.1368080573618829,-0.138918542332344,-0.7878462023747127,0.106066017244892,0.1060660171110721
460000000.0,0.3758770483028563,-0.1368080573618829,-0.138918542332344,-0.7878462023747127,0.106066017244892,0.1060660171110721
465000000.0,0.3758770483028563,-0.1368080573618829,-0.138918542332344,-0.7878462023747127,0.106066017244892,0.1060660171110721
470000000.0,0.3758770483028563,-0.1368080573618829,-0.138918542332344,-0.7878462023747127,0.106066017244892,0.1060660171110721
475000000.0,0.3758770483028563,-0.1368080573618829,-0.138918542332344,-0.7878462023747127,0.106066017244892,0.1060660171110721
480000000.0,0.3758770483028563,-0.1368080573618829,-0.138918542332344,-0.7878462023747127,0.106066017244892,0.1060660171110721
485000000.0,0.3758770483028563,-0.1368080573618829,-0.138918542332344,-0.7878462023747127,0.106066017244892,0.1060660171110721
490000000.0,0.3758770483028563,-0.1368080573618829,-0.138918542332344,-0.7878462023747127,0.106066017244892,0.1060660171110721
495000000.0,0.3758770483028563,-0.1368080573618829,-0.138918542332344,-0.7878462023747127,0.106066017244892,0.1060660171110721
500000000.0,0.3758770483028563,-0.1368080573618829,-0.138918542332344,-0.7878462023747127,0.106066017244892,0.1060660171110721
505000000.0,0.3758770483028563,-0.1368080573618829,-0.138918542332344,-0.7878462023747127,0.106066017244892,0.1060660171110721
510000000.0,0.3758770483028563,-0.1368080573618829,-0.138918542332344,-0.7878462023747127,0.106066017244892,0.1060660171110721
515000000.0,0.3758770483028563,-0.1368080573618829,-0.138918542332344,-0.7878462023747127,0.106066017244892,0.1060660171110721
520000000.0,0.3758770483028563,-0.1368080573618829,-0.138918542332344,-0.7878462023747127,0.106066017244892,0.1060660171110721
525000000.0,0.3758770483028563,-0.1368080573618829,-0.138918542332344,-0.7878462023747127,0.106066017244892,0.1060660171110721
530000000.0,0.3758770483028563,-0.1368080573618829,-0.138918542332344,-0.7878462023747127,0.106066017244892,0.1060660171110721
535000000.0,0.3758770483028563,-0.1368080573618829,-0.138918542332344,-0.7878462023747127,0.106066017244892,0.1060660171110721
540000000.0,0.3758770483028563,-0.1368080573618829,-0.138918542332344,-0.7878462023747127,0.106066017244892,0.1060660171110721
545000000.0,0.3758770483028563,-0.1368080573618829,-0.138918542332344,-0.7878462023747127,0.106066017244892,0.1060660171110721
550000000.0,0.3758770483028563,-0.1368080573618829,-0.138918542332344,-0.7878462023747127,0.106066017244892,0.1060660171110721
555000000.0,0.3758770483028563,-0.1368080573618829,-0.138918542332344,-0.7878462023747127,0.106066017244892,0.1060660171110721
560000000.0,0.3758770483028563,-0.1368080573618829,-0.138918542332344,-0.7878462023747127,0.106066017244892,0.1060660171110721
565000000.0,0.3758770483028563,-0.1368080573618829,-0.138918542332344,-0.7878462023747127,0.106066017244892,0.1060660171110721
570000000.0,0.3758770483028563,-0.1368080573618829,-0.138918542332344,-0.7878462023747127,0.106066017244892,0.1060660171110721
575000000.0,0.3758770483028563,-0.1368080573618829,-0.138918542332344,-0.7878462023747127,0.106066017244892,0.1060660171110721
580000000.0,0.3758770483028563,-0.1368080573618829,-0.138918542332344,-0.7878462023747127,0.106066017244892,0.1060660171110721
585000000.0,0.3758770483028563,-0.1368080573618829,-0.138918542332344,-0.7878462023747127,0.106066017244892,0.1060660171110721
590000000.0,0.3758770483028563,-0.1368080573618829,-0.138918542332344,-0.7878462023747127,0.106066017244892,0.1060660171110721
595000000.0,0.3758770483028563,-0.1368080573618829,-0.138918542332344,-0.7878462023747127,0.106066017244892,0.1060660171110721
600000000.0,0.3758770483028563,-0.1368080573618829,-0.138918542332344,-0.7878462023747127,0.106066017244892,0.1060660171110721
605000000.0,0.3758770483028563,-0.1368080573618829,-0.138918542332344,-0.7878462023747127,0.106066017244892,0.1060660171110721
610000000.0,0.3758770483028563,-0.1368080573618829,-0.138918542332344,-0.7878462023747127,0.106066017244892,0.1060660171110721
615000000.0,0.3758770483028563,-0.1368080573618829,-0.138918542332344,-0.7878462023747127,0.106066017244892,0.1060660171110721
620000000.0,0.3758770483028563,-0.1368080573618829,-0.138918542332344,-0.7878462023747127,0.106066017244892,0.1060660171110721
625000000.0,0.3758770483028563,-0.1368080573618829,-0.138918542332344,-0.7878462023747127,0.106066017244892,0.1060660171110721
630000000.0,0.3758770483028563,-0.1368080573618829,-0.138918542332344,-0.7878462023747127,0.106066017244892,0.1060660171110721
635000000.0,0.3758770483028563,-0.1368080573618829,-0.138918542332344,-0.7878462023747127,0.106066017244892,0.1060660171110721
640000000.0,0.3758770483028563,-0.1368080573618829,-0.138918542332344,-0.7878462023747127,0.106066017244892,0.1060660171110721
645000000.0,0.3758770483028563,-0.1368080573618829,-0.138918542332344,-0.7878462023747127,0.106066017244892,0.1060660171110721
650000000.0,0.3758770483028563,-0.1368080573618829,-0.138918542332344,-0.7878462023747127,0.106066017244892,0.1060660171110721
655000000.0,0.3758770483028563,-0.1368080573618829,-0.138918542332344,-0.7878462023747127,0.106066017244892,0.1060660171110721
660000000.0,0.3758770483028563,-0.1368080573618829,-0.138918542332344,-0.7878462023747127,0.106066017244892,0.1060660171110721
665000000.0,0.3758770483028563,-0.1368080573618829,-0.138918542332344,-0.7878462023747127,0.106066017244892,0.1060660171110721
670000000.0,0.3758770483028563,-0.1368080573618829,-0.138918542332344,-0.7878462023747127,0.106066017244892,0.1060660171110721
675000000.0,0.3758770483028563,-0.1368080573618829,-0.138918542332344,-0.7878462023747127,0.106066017244892,0.1060660171110721
680000000.0,0.3758770483028563,-0.1368080573618829,-0.138918542332344,-0.7878462023747127,0.106066017244892,0.1060660171110721
685000000.0,0.3758770483028563,-0.1368080573618829,-0.138918542332344,-0.7878462023747127,0.106066017244892,0.1060660171110721
690000000.0,0.3758770483028563,-0.1368080573618829,-0.138918542332344,-0.7878462023747127,0.106066017244892,0.1060660171110721
695000000.0,0.3758770483028563,-0.1368080573618829,-0.138918542332344,-0.7878462023747127,0.106066017244892,0.1060660171110721
700000000.0,0.3758770483028563,-0.1368080573618829,-0.138918542332344,-0.7878462023747127,0.106066017244892,0.1060660171110721
705000000.0,0.3758770483028563,-0.1368080573618829,-0.138918542332344,-0.7878462023747127,0.106066017244892,0.1060660171110721
710000000.0,0.3758770483028563,-0.1368080573618829,-0.138918542332344,-0.7878462023747127,0.106066017244892,0.1060660171110721
715000000.0,0.3758770483028563,-0.1368080573618829,-0.138918542332344,-0.7878462023747127,0.106066017244892,0.1060660171110721
720000000.0,0.3758770483028563,-0.1368080573618829,-0.138918542332344,-0.7878462023747127,0.106066017244892,0.1060660171110721
725000000.0,0.3758770483028563,-0.1368080573618829,-0.138918542332344,-0.7878462023747127,0.106066017244892,0.1060660171110721
730000000.0,0.3758770483028563,-0.1368080573618829,-0.138918542332344,-0.7878462023747127,0.106066017244892,0.1060660171110721
735000000.0,0.3758770483028563,-0.1368080573618829,-0.138918542332344,-0.7878462023747127,0.106066017244892,0.1060660171110721
740000000.0,0.3758770483028563,-0.1368080573618829,-0.138918542332344,-0.7878462023747127,0.106066017244892,0.1060660171110721
745000000.0,0.3758770483028563,-0.1368080573618829,-0.138918542332344,-0.7878462023747127,0.106066017244892,0.1060660171110721
750000000.0,0.3758770483028563,-0.1368080573618829,-0.138918542332344,-0.7878462023747127,0.106066017244892,0.1060660171110721
755000000.0,0.3758770483028563,-0.1368080573618829,-0.138918542332344,-0.7878462023747127,0.106066017244892,0.1060660171110721
760000000.0,0.3758770483028563,-0.1368080573618829,-0.138918542332344,-0.7878462023747127,0.106066017244892,0.1060660171110721
765000000.0,0.3758770483028563,-0.1368080573618829,-0.138918542332344,-0.7878462023747127,0.106066017244892,0.1060660171110721
770000000.0,0.3758770483028563,-0.1368080573618829,-0.138918542332344,-0.7878462023747127,0.106066017244892,0.1060660171110721
775000000.0,0.3758770483028563,-0.1368080573618829,-0.138918542332344,-0.7878462023747127,0.106066017244892,0.1060660171110721
780000000.0,0.3758770483028563,-0.1368080573618829,-0.138918542332344,-0.7878462023747127,0.106066017244892,0.1060660171110721
785000000.0,0.3758770483028563,-0.1368080573618829,-0.138918542332344,-0.7878462023747127,0.106066017244892,0.1060660171110721
790000000.0,0.3758770483028563,-0.1368080573618829,-0.138918542332344,-0.7878462023747127,0.106066017244892,0.1060660171110721
795000000.0,0.3758770483028563,-0.1368080573618829,-0.138918542332344,-0.7878462023747127,0.106066017244892,0.1060660171110721
800000000.0,0.3758770483028563,-0.1368080573618829,-0.138918542332344,-0.7878462023747127,0.106066017244892,0.1060660171110721
805000000.0,0.3758770483028563,-0.1368080573618829,-0.138918542332344,-0.7878462023747127,0.106066017244892,0.1060660171110721
810000000.0,0.3758770483028563,-0.1368080573618829,-0.138918542332344,-0.7878462023747127,0.106066017244892,0.1060660171110721
815000000.0,0.3758770483028563,-0.1368080573618829,-0.138918542332344,-0.7878462023747127,0.106066017244892,0.1060660171110721
820000000.0,0.3758770483028563,-0.1368080573618829,-0.138918542332344,-0.7878462023747127,0.106066017244892,0.1060660171110721
825000000.0,0.3758770483028563,-0.1368080573618829,-0.138918542332344,-0.7878462023747127,0.106066017244892,0.1060660171110721
830000000.0,0.3758770483028563,-0.1368080573618829,-0.138918542332344,-0.7878462023747127,0.106066017244892,0.1060660171110721
835000000.0,0.3758770483028563,-0.1368080573618829,-0.138918542332344,-0.7878462023747127,0.106066017244892,0.1060660171110721
840000000.0,0.3758770483028563,-0.1368080573618829,-0.138918542332344,-0.7878462023747127,0.106066017244892,0.1060660171110721
845000000.0,0.3758770483028563,-0.1368080573618829,-0.138918542332344,-0.7878462023747127,0.106066017244892,0.1060660171110721
850000000.0,0.3758770483028563,-0.1368080573618829,-0.138918542332344,-0.7878462023747127,0.106066017244892,0.1060660171110721
855000000.0,0.3758770483028563,-0.1368080573618829,-0.138918542332344,-0.7878462023747127,0.106066017244892,0.1060660171110721
860000000.0,0.3758770483028563,-0.1368080573618829,-0.138918542332344,-0.7878462023747127,0.106066017244892,0.1060660171110721
865000000.0,0.3758770483028563,-0.1368080573618829,-0.138918542332344,-0.7878462023747127,0.106066017244892,0.1060660171110721
870000000.0,0.3758770483028563,-0.1368080573618829,-0.138918542332344,-0.7878462023747127,0.106066017244892,0.1060660171110721
875000000.0,0.3758770483028563,-0.1368080573618829,-0.138918542332344,-0.7878462023747127,0.106066017244892,0.1060660171110721
880000000.0,0.3758770483028563,-0.1368080573618829,-0.138918542332344,-0.7878462023747127,0.106066017244892,0.1060660171110721
885000000.0,0.3758770483028563,-0.1368080573618829,-0.138918542332344,-0.7878462023747127,0.106066017244892,0.1060660171110721
890000000.0,0.3758770483028563,-0.1368080573618829,-0.138918542332344,-0.7878462023747127,0.106066017244892,0.1060660171110721
895000000.0,0.3758770483028563,-0.1368080573618829,-0.138918542332344,-0.7878462023747127,0.106066017244892,0.1060660171110721
900000000.0,0.3758770483028563,-0.1368080573618829,-0.138918542332344,-0.7878462023747127,0.106066017244892,0.1060660171110721
905000000.0,0.3758770483028563,-0.1368080573618829,-0.138918542332344,-0.7878462023747127,0.106066017244892,0.1060660171110721
910000000.0,0.3758770483028563,-0.1368080573618829,-0.138918542332344,-0.7878462023747127,0.106066017244892,0.1060660171110721
915000000.0,0.3758770483028563,-0.1368080573618829,-0.138918542332344,-0.7878462023747127,0.106066017244892,0.1060660171110721
920000000.0,0.3758770483028563,-0.1368080573618829,-0.138918542332344,-0.7878462023747127,0.106066017244892,0.1060660171110721
925000000.0,0.3758770483028563,-0.1368080573618829,-0.138918542332344,-0.7878462023747127,0.106066017244892,0.1060660171110721
930000000.0,0.3758770483028563,-0.1368080573618829,-0.138918542332344,-0.7878462023747127,0.106066017244892,0.1060660171110721
935000000.0,0.3758770483028563,-0.1368080573618829,-0.138918542332344,-0.7878462023747127,0.106066017244892,0.1060660171110721
940000000.0,0.3758770483028563,-0.1368080573618829,-0.138918542332344,-0.7878462023747127,0.106066017244892,0.1060660171110721
945000000.0,0.3758770483028563,-0.1368080573618829,-0.138918542332344,-0.7878462023747127,0.106066017244892,0.1060660171110721
950000000.0,0.3758770483028563,-0.1368080573618829,-0.138918542332344,-0.7878462023747127,0.106066017244892,0.1060660171110721
955000000.0,0.3758770483028563,-0.1368080573618829,-0.138918542332344,-0.7878462023747127,0.106066017244892,0.1060660171110721
960000000.0,0.3758770483028563,-0.1368080573618829,-0.138918542332344,-0.7878462023747127,0.106066017244892,0.1060660171110721
965000000.0,0.3758770483028563,-0.1368080573618829,-0.138918542332344,-0.7878462023747127,0.106066017244892,0.1060660171110721
970000000.0,0.3758770483028563,-0.1368080573618829,-0.138918542332344,-0.7878462023747127,0.106066017244892,0.1060660171110721
975000000.0,0.3758770483028563,-0.1368080573618829,-0.138918542332344,-0.7878462023747127,0.106066017244892,0.1060660171110721
980000000.0,0.3758770483028563,-0.1368080573618829,-0.138918542332344,-0.7878462023747127,0.106066017244892,0.1060660171110721
985000000.0,0.3758770483028563,-0.1368080573618829,-0.138918542332344,-0.7878462023747127,0.106066017244892,0.1060660171110721
990000000.0,0.3758770483028563,-0.1368080573618829,-0.138918542332344,-0.7878462023747127,0.106066017244892,0.1060660171110721
995000000.0,0.3758770483028563,-0.1368080573618829,-0.138918542332344,-0.7878462023747127,0.106066017244892,0.1060660171110721
1000000000.0,0.3758770483028563,-0.1368080573618829,-0.138918542332344,-0.7878462023747127,0.106066017244892,0.1060660171110721
1005000000.0,0.3758770483028563,-0.1368080573618829,-0.138918542332344,-0.7878462023747127,0.106066017244892,0.1060660171110721
1010000000.0,0.3758770483028563,-0.1368080573618829,-0.138918542332344,-0.7878462023747127,0.106066017244892,0.1060660171110721
1015000000.0,0.3758770483028563,-0.1368080573618829,-0.138918542332344,-0.7878462023747127,0.106066017244892,0.1060660171110721
1020000000.0,0.3758770483028563,-0.1368080573618829,-0.138918542332344,-0.7878462023747127,0.106066017244892,0.1060660171110721
1025000000.0,0.3758770483028563,-0.1368080573618829,-0.138918542332344,-0.7878462023747127,0.106066017244892,0.1060660171110721
1030000000.0,0.3758770483028563,-0.1368080573618829,-0.138918542332344,-0.7878462023747127,0.106066017244892,0.1060660171110721
1035000000.0,0.3758770483028563,-0.1368080573618829,-0.138918542332344,-0.7878462023747127,0.106066017244892,0.1060660171110721
1040000000.0,0.3758770483028563,-0.1368080573618829,-0.138918542332344,-0.7878462023747127,0.106066017244892,0.1060660171110721
1045000000.0,0.3758770483028563,-0.1368080573618829,-0.138918542332344,-0.7878462023747127,0.106066017244892,0.1060660171110721
1050000000.0,0.3758770483028563,-0.1368080573618829,-0.138918542332344,-0.7878462023747127,0.106066017244892,0.1060660171110721
1055000000.0,0.3758770483028563,-0.1368080573618829,-0.138918542332344,-0.7878462023747127,0.106066017244892,0.1060660171110721
1060000000.0,0.3758770483028563,-0.1368080573618829,-0.138918542332344,-0.7878462023747127,0.106066017244892,0.1060660171110721
1065000000.0,0.3758770483028563,-0.1368080573618829,-0.138918542332344,-0.7878462023747127,0.106066017244892,0.1060660171110721
1070000000.0,0.3758770483028563,-0.1368080573618829,-0.138918542332344,-0.7878462023747127,0.106066017244892,0.1060660171110721
1075000000.0,0.3758770483028563,-0.1368080573618829,-0.138918542332344,-0.7878462023747127,0.106066017244892,0.1060660171110721
1080000000.0,0.3758770483028563,-0.1368080573618829,-0.138918542332344,-0.7878462023747127,0.106066017244892,0.1060660171110721
1085000000.0,0.3758770483028563,-0.1368080573618829,-0.138918542332344,-0.7878462023747127,0.106066017244892,0.1060660171110721
1090000000.0,0.3758770483028563,-0.1368080573618829,-0.138918542332344,-0.7878462023747127,0.106066017244892,0.1060660171110721
1095000000.0,0.3758770483028563,-0.1368080573618829,-0.138918542332344,-0.7878462023747127,0.106066017244892,0.1060660171110721
1100000000.0,0.3758770483028563,-0.1368080573618829,-0.138918542332344,-0.7878462023747127,0.106066017244892,0.1060660171110721
1105000000.0,0.3758770483028563,-0.1368080573618829,-0.138918542332344,-0.7878462023747127,0.106066017244892,0.1060660171110721
1110000000.0,0.3758770483028563,-0.1368080573618829,-0.138918542332344,-0.7878462023747127,0.106066017244892,0.1060660171110721
1115000000.0,0.3758770483028563,-0.1368080573618829,-0.138918542332344,-0.7878462023747127,0.106066017244892,0.1060660171110721
1120000000.0,0.3758770483028563,-0.1368080573618829,-0.138918542332344,-0.7878462023747127,0.106066017244892,0.1060660171110721
1125000000.0,0.3758770483028563,-0.1368080573618829,-0.138918542332344,-0.7878462023747127,0.106066017244892,0.1060660171110721
1130000000.0,0.3758770483028563,-0.1368080573618829,-0.138918542332344,-0.7878462023747127,0.106066017244892,0.1060660171110721
1135000000.0,0.3758770483028563,-0.1368080573618829,-0.138918542332344,-0.7878462023747127,0.106066017244892,0.1060660171110721
1140000000.0,0.3758770483028563,-0.1368080573618829,-0.138918542332344,-0.7878462023747127,0.106066017244892,0.1060660171110721
1145000000.0,0.3758770483028563,-0.1368080573618829,-0.138918542332344,-0.7878462023747127,0.106066017244892,0.1060660171110721
1150000000.0,0.3758770483028563,-0.1368080573618829,-0.138918542332344,-0.7878462023747127,0.106066017244892,0.1060660171110721
1155000000.0,0.3758770483028563,-0.1368080573618829,-0.138918542332344,-0.7878462023747127,0.106066017244892,0.1060660171110721
1160000000.0,0.3758770483028563,-0.1368080573618829,-0.138918542332344,-0.7878462023747127,0.106066017244892,0.1060660171110721
1165000000.0,0.3758770483028563,-0.1368080573618829,-0.138918542332344,-0.7878462023747127,0.106066017244892,0.1060660171110721
1170000000.0,0.3758770483028563,-0.1368080573618829,-0.138918542332344,-0.7878462023747127,0.106066017244892,0.1060660171110721
1175000000.0,0.3758770483028563,-0.1368080573618829,-0.138918542332344,-0.7878462023747127,0.106066017244892,0.1060660171110721
1180000000.0,0.3758770483028563,-0.1368080573618829,-0.138918542332344,-0.7878462023747127,0.106066017244892,0.1060660171110721
1185000000.0,0.3758770483028563,-0.1368080573618829,-0.138918542332344,-0.7878462023747127,0.106066017244892,0.1060660171110721
1190000000.0,0.3758770483028563,-0.1368080573618829,-0.138918542332344,-0.7878462023747127,0.106066017244892,0.1060660171110721
1195000000.0,0.3758770483028563,-0.1368080573618829,-0.138918542332344,-0.7878462023747127,0.106066017244892,0.1060660171110721
1200000000.0,0.3758770483028563,-0.1368080573618829,-0.138918542332344,-0.7878462023747127,0.106066017244892,0.1060660171110721
1205000000.0,0.3758770483028563,-0.1368080573618829,-0.138918542332344,-0.7878462023747127,0.106066017244892,0.1060660171110721
1210000000.0,0.3758770483028563,-0.1368080573618829,-0.138918542332344,-0.7878462023747127,0.106066017244892,0.1060660171110721
1215000000.0,0.3758770483028563,-0.1368080573618829,-0.138918542332344,-0.7878462023747127,0.106066017244892,0.1060660171110721
1220000000.0,0.3758770483028563,-0.1368080573618829,-0.138918542332344,-0.7878462023747127,0.106066017244892,0.1060660171110721
1225000000.0,0.3758770483028563,-0.1368080573618829,-0.138918542332344,-0.7878462023747127,0.106066017244892,0.1060660171110721
1230000000.0,0.3758770483028563,-0.1368080573618829,-0.138918542332344,-0.7878462023747127,0.106066017244892,0.1060660171110721
1235000000.0,0.3758770483028563,-0.1368080573618829,-0.138918542332344,-0.7878462023747127,0.106066017244892,0.1060660171110721
1240000000.0,0.3758770483028563,-0.1368080573618829,-0.138918542332344,-0.7878462023747127,0.106066017244892,0.1060660171110721
1245000000.0,0.3758770483028563,-0.1368080573618829,-0.138918542332344,-0.7878462023747127,0.106066017244892,0.1060660171110721
1250000000.0,0.3758770483028563,-0.1368080573618829,-0.138918542332344,-0.7878462023747127,0.106066017244892,0.1060660171110721
1255000000.0,0.3758770483028563,-0.1368080573618829,-0.138918542332344,-0.7878462023747127,0.106066017244892,0.1060660171110721
1260000000.0,0.3758770483028563,-0.1368080573618829,-0.138918542332344,-0.7878462023747127,0.106066017244892,0.1060660171110721
1265000000.0,0.3758770483028563,-0.1368080573618829,-0.138918542332344,-0.7878462023747127,0.106066017244892,0.1060660171110721
1270000000.0,0.3758770483028563,-0.1368080573618829,-0.138918542332344,-0.7878462023747127,0.106066017244892,0.1060660171110721
1275000000.0,0.3758770483028563,-0.1368080573618829,-0.138918542332344,-0.7878462023747127,0.106066017244892,0.1060660171110721
1280000000.0,0.3758770483028563,-0.1368080573618829,-0.138918542332344,-0.7878462023747127,0.106066017244892,0.1060660171110721
1285000000.0,0.3758770483028563,-0.1368080573618829,-0.138918542332344,-0.7878462023747127,0.106066017244892,0.1060660171110721
1290000000.0,0.3758770483028563,-0.1368080573618829,-0.138918542332344,-0.7878462023747127,0.106066017244892,0.1060660171110721
1295000000.0,0.3758770483028563,-0.1368080573618829,-0.138918542332344,-0.7878462023747127,0.106066017244892,0.1060660171110721
1300000000.0,0.3758770483028563,-0.1368080573618829,-0.138918542332344,-0.7878462023747127,0.106066017244892,0.1060660171110721
1305000000.0,0.3758770483028563,-0.1368080573618829,-0.138918542332344,-0.7878462023747127,0.106066017244892,0.1060660171110721
1310000000.0,0.3758770483028563,-0.1368080573618829,-0.138918542332344,-0.7878462023747127,0.106066017244892,0.1060660171110721
1315000000.0,0.3758770483028563,-0.1368080573618829,-0.138918542332344,-0.7878462023747127,0.106066017244892,0.1060660171110721
1320000000.0,0.3758770483028563,-0.1368080573618829,-0.138918542332344,-0.7878462023747127,0.106066017244892,0.1060660171110721
1325000000.0,0.3758770483028563,-0.1368080573618829,-0.138918542332344,-0.7878462023747127,0.106066017244892,0.1060660171110721
1330000000.0,0.3758770483028563,-0.1368080573618829,-0.138918542332344,-0.7878462023747127,0.106066017244892,0.1060660171110721
1335000000.0,0.3758770483028563,-0.1368080573618829,-0.138918542332344,-0.7878462023747127,0.106066017244892,0.1060660171110721
1340000000.0,0.3758770483028563,-0.1368080573618829,-0.138918542332344,-0.7878462023747127,0.106066017244892,0.1060660171110721
1345000000.0,0.3758770483028563,-0.1368080573618829,-0.138918542332344,-0.7878462023747127,0.106066017244892,0.1060660171110721
1350000000.0,0.3758770483028563,-0.1368080573618829,-0.138918542332344,-0.7878462023747127,0.106066017244892,0.1060660171110721
1355000000.0,0.3758770483028563,-0.1368080573618829,-0.138918542332344,-0.7878462023747127,0.106066017244892,0.1060660171110721
1360000000.0,0.3758770483028563,-0.1368080573618829,-0.138918542332344,-0.7878462023747127,0.106066017244892,0.1060660171110721
1365000000.0,0.3758770483028563,-0.1368080573618829,-0.138918542332344,-0.7878462023747127,0.106066017244892,0.1060660171110721
1370000000.0,0.3758770483028563,-0.1368080573618829,-0.138918542332344,-0.7878462023747127,0.106066017244892,0.1060660171110721
1375000000.0,0.3758770483028563,-0.1368080573618829,-0.138918542332344,-0.7878462023747127,0.106066017244892,0.1060660171110721
1380000000.0,0.3758770483028563,-0.1368080573618829,-0.138918542332344,-0.7878462023747127,0.106066017244892,0.1060660171110721
1385000000.0,0.3758770483028563,-0.1368080573618829,-0.138918542332344,-0.7878462023747127,0.106066017244892,0.1060660171110721
1390000000.0,0.3758770483028563,-0.1368080573618829,-0.138918542332344,-0.7878462023747127,0.106066017244892,0.1060660171110721
1395000000.0,0.3758770483028563,-0.1368080573618829,-0.138918542332344,-0.7878462023747127,0.106066017244892,0.1060660171110721
1400000000.0,0.3758770483028563,-0.1368080573618829,-0.138918542332344,-0.7878462023747127,0.106066017244892,0.1060660171110721
1405000000.0,0.3758770483028563,-0.1368080573618829,-0.138918542332344,-0.7878462023747127,0.106066017244892,0.1060660171110721
1410000000.0,0.3758770483028563,-0.1368080573618829,-0.138918542332344,-0.7878462023747127,0.106066017244892,0.1060660171110721
1415000000.0,0.3758770483028563,-0.1368080573618829,-0.138918542332344,-0.7878462023747127,0.106066017244892,0.1060660171110721
1420000000.0,0.3758770483028563,-0.1368080573618829,-0.138918542332344,-0.7878462023747127,0.106066017244892,0.1060660171110721
1425000000.0,0.3758770483028563,-0.1368080573618829,-0.138918542332344,-0.7878462023747127,0.106066017244892,0.1060660171110721
1430000000.0,0.3758770483028563,-0.1368080573618829,-0.138918542332344,-0.7878462023747127,0.106066017244892,0.1060660171110721
1435000000.0,0.3758770483028563,-0.1368080573618829,-0.138918542332344,-0.7878462023747127,0.106066017244892,0.1060660171110721
1440000000.0,0.3758770483028563,-0.1368080573618829,-0.138918542332344,-0.7878462023747127,0.106066017244892,0.1060660171110721
1445000000.0,0.3758770483028563,-0.1368080573618829,-0.138918542332344,-0.7878462023747127,0.106066017244892,0.1060660171110721
1450000000.0,0.3758770483028563,-0.1368080573618829,-0.138918542332344,-0.7878462023747127,0.106066017244892,0.1060660171110721
1455000000.0,0.3758770483028563,-0.1368080573618829,-0.138918542332344,-0.7878462023747127,0.106066017244892,0.1060660171110721
1460000000.0,0.3758770483028563,-0.1368080573618829,-0.138918542332344,-0.7878462023747127,0.106066017244892,0.1060660171110721
1465000000.0,0.3758770483028563,-0.1368080573618829,-0.138918542332344,-0.7878462023747127,0.106066017244892,0.1060660171110721
1470000000.0,0.3758770483028563,-0.1368080573618829,-0.138918542332344,-0.7878462023747127,0.106066017244892,0.1060660171110721
1475000000.0,0.3758770483028563,-0.1368080573618829,-0.138918542332344,-0.7878462023747127,0.106066017244892,0.1060660171110721
1480000000.0,0.3758770483028563,-0.1368080573618829,-0.138918542332344,-0.7878462023747127,0.106066017244892,0.1060660171110721
1485000000.0,0.3758770483028563,-0.1368080573618829,-0.138918542332344,-0.7878462023747127,0.106066017244892,0.1060660171110721
1490000000.0,0.3758770483028563,-0.1368080573618829,-0.138918542332344,-0.7878462023747127,0.106066017244892,0.1060660171110721
1495000000.0,0.3758770483028563,-0.1368080573618829,-0.138918542332344,-0.7878462023747127,0.106066017244892,0.1060660171110721
1500000000.0,0.3758770483028563,-0.1368080573618829,-0.138918542332344,-0.7878462023747127,0.106066017244892,0.1060660171110721
