frequency_Hz,scalar1_dB,scalar2_dB,scalar3_dB,dut4_dB,dut5_dB,dut6_dB
5000000.0,-34.587084739578586,-32.51186579789455,-33.418094872235336,-33.374662142549745,-35.228664132552254,-33.34784990753094
10000000.0,-34.29921574325554,-33.078601797906636,-33.67591583875073,-33.86183051367043,-34.698431757005004,-33.7037212297645
15000000.0,-34.15958586217718,-33.28660758729024,-33.733776901047065,-33.939027802916875,-34.445436632883464,-33.77975463778653
20000000.0,-34.104027937330166,-33.41439648520256,-33.77597623095483,-33.968496439151096,-34.32926931481335,-33.82380117749997
25000000.0,-34.035026911109874,-33.44558409124592,-33.75855895655156,-33.935997006149066,-34.226336599877264,-33.804462950883156
30000000.0,-34.00463259974293,-33.46594453925414,-33.75345165761183,-33.91394008426613,-34.175611372858775,-33.79477041456219
35000000.0,-33.993625469388796,-33.471810961982705,-33.751060133004536,-33.904777440558085,-34.156834448708,-33.790429259809265
40000000.0,-33.99506550974885,-33.47852282281964,-33.75521453972751,-33.90299175869927,-34.15388152584057,-33.79246696365176
45000000.0,-34.002998922819366,-33.45150131733084,-33.74665173091475,-33.89880342617082,-34.17023284649843,-33.784206697743414
50000000.0,-34.00635711669592,-33.44982035626067,-33.7476263316374,-33.89649771870736,-34.17286205134558,-33.783677966200365
55000000.0,-33.97218977053603,-33.40927419540907,-33.71008878880168,-33.8522970161957,-34.137206228826344,-33.74323259802684
60000000.0,-34.028514405753214,-33.431775222361026,-33.751404110556706,-33.91175933677114,-34.20679085797012,-33.79037078929819
65000000.0,-34.04295203434471,-33.41456291065172,-33.74992243881158,-33.9033346816483,-34.22533709275603,-33.78481144083522
70000000.0,-34.056683710081536,-33.38766703861536,-33.74440526176151,-33.90503376429025,-34.25009538626352,-33.7804786632521
75000000.0,-34.0853734834159,-33.3674599626341,-33.75021882396978,-33.924787265768956,-34.29411331217858,-33.789808842340705
80000000.0,-34.076965150075374,-33.34436448283156,-33.73460366277682,-33.90743359247522,-34.28801214825474,-33.7728913028686
85000000.0,-34.09659813315513,-33.33957161532503,-33.74204205070612,-33.91055586296253,-34.31117310140217,-33.77759380390218
90000000.0,-34.09054662547895,-33.30510132978714,-33.72326361805645,-33.90726604825255,-34.31662494219564,-33.76379995022394
95000000.0,-34.1305563422098,-33.30105510951265,-33.74187295998165,-33.929285375438006,-34.36739095022458,-33.78194098040701
100000000.0,-34.13210515370008,-33.28307934287321,-33.73387155009635,-33.920415301868964,-34.372637256819665,-33.772790799862904
105000000.0,-34.15123432799521,-33.26607869720491,-33.73557736842058,-33.92711592491434,-34.401446026673455,-33.77498642456868
110000000.0,-34.150308533326886,-33.24230254089361,-33.72383932721764,-33.920159671248456,-34.40708773408993,-33.76419581600502
115000000.0,-34.132583576110214,-33.18028852966747,-33.684029458587275,-33.87761807958699,-34.398094135488094,-33.72149841629813
120000000.0,-34.1921263550236,-33.19282427073152,-33.72118289019241,-33.927053671188105,-34.47255738092961,-33.761601966150955
125000000.0,-34.177995178117705,-33.153242323757034,-33.69468372725155,-33.903857612552876,-34.46531238625922,-33.735367174311754
130000000.0,-34.19328720485212,-33.13984072162181,-33.69582843229482,-33.9058544636496,-34.4872646469607,-33.73568627794117
135000000.0,-34.236438551900164,-33.141023974965776,-33.71864635624689,-33.935210813038886,-34.542182196397356,-33.759383004549555
140000000.0,-34.234627646292154,-33.11404325483941,-33.70447029030453,-33.922653681957215,-34.546599324668875,-33.7448201135762
145000000.0,-34.21570298026903,-33.05146428492544,-33.66392120268268,-33.884225245449606,-34.5383504039847,-33.70336553211828
150000000.0,-34.254068828341865,-33.05185907029063,-33.68352627212448,-33.90668526324522,-34.586426563688796,-33.72258316846623
155000000.0,-34.273841551147015,-33.04348092956275,-33.68952278222435,-33.91573670762655,-34.61368958123498,-33.72864433041184
160000000.0,-34.272973057470494,-33.00196188305612,-33.668811371844846,-33.90246722866379,-34.625002740784325,-33.709251734701205
165000000.0,-34.276207530464816,-32.98806896583065,-33.663379889161696,-33.894591276517254,-34.63110326551473,-33.70217204049278
170000000.0,-34.29805725872435,-32.97771211886218,-33.6689535401445,-33.89786157188622,-34.65941089639403,-33.705572275973374
175000000.0,-34.361112893876566,-32.9829908235852,-33.70356026060332,-33.9418893230786,-34.73959826537858,-33.741624788613926
180000000.0,-34.32062615479326,-32.91870401883016,-33.65157690334698,-33.89564994313385,-34.70677027987059,-33.69095274671408
185000000.0,-34.32824959792551,-32.88113500504345,-33.636184284013176,-33.87644642530658,-34.72345171972999,-33.672301324711206
190000000.0,-34.34683893897053,-32.88251345735306,-33.64590414846373,-33.88187151524674,-34.74415905305174,-33.679675711724606
195000000.0,-34.35930861888299,-32.85835644972693,-33.63993910935508,-33.87633988388538,-34.765337149585356,-33.672466962477586
200000000.0,-34.365455044814766,-32.834988713121376,-33.63136741320662,-33.86941954676404,-34.778949142448596,-33.66339604708233
205000000.0,-34.3789300836542,-32.810678581086435,-33.62607979435707,-33.86846427183415,-34.802951593131006,-33.65835380755179
210000000.0,-34.37153847347923,-32.78118124433881,-33.607246842216185,-33.84259061434324,-34.79752408157305,-33.63592033997967
215000000.0,-34.405176517958566,-32.76690677041817,-33.61691108391051,-33.85772433579206,-34.84487280307263,-33.645886006624394
220000000.0,-34.443349643991375,-32.7727024250727,-33.63869561056035,-33.87845232512974,-34.89013070502948,-33.66601923273165
225000000.0,-34.40416462361101,-32.722448847789764,-33.59392935031467,-33.829966188414666,-34.85160018736408,-33.619352858417784
230000000.0,-34.424857844175754,-32.69938073993421,-33.592151116351985,-33.824014154246186,-34.88092312904586,-33.614297664016554
235000000.0,-34.42731578278369,-32.68416182594889,-33.58563970710901,-33.81522817923567,-34.88646260226378,-33.606196983914856
240000000.0,-34.433371337664965,-32.65247115629654,-33.572499138956616,-33.800298759000455,-34.90065535427616,-33.59091254474546
245000000.0,-34.4566694539479,-32.638546209304025,-33.57668746766329,-33.80102785060656,-34.931255900077716,-33.59236782868513
250000000.0,-34.455273918620136,-32.60451152844223,-33.55896791283461,-33.787759736245235,-34.93957255765204,-33.575146745418685
255000000.0,-34.45061415310373,-32.58167897312616,-33.54497620883701,-33.76910289884042,-34.93706918801787,-33.55860288735327
260000000.0,-34.45209863687691,-32.553369908004804,-33.53141476034338,-33.756682554789805,-34.94610510659234,-33.54436018234321
265000000.0,-34.45180477569374,-32.50655391285854,-33.506931099861184,-33.727860477395396,-34.95541831716474,-33.51648919314607
270000000.0,-34.49725325923768,-32.52619286872201,-33.539014415434124,-33.755111101991375,-35.004845906242494,-33.54572045599604
275000000.0,-34.51406724647546,-32.50348577811577,-33.53531637165351,-33.746395599194,-35.029001352270804,-33.53862384464358
280000000.0,-34.51278358881075,-32.4667699503093,-33.51614813105233,-33.73287047955853,-35.03895744799081,-33.52034455279157
285000000.0,-34.49741899861725,-32.41561089468408,-33.482039917577076,-33.6926701119391,-35.02965631547939,-33.48257117237693
290000000.0,-34.51232381230861,-32.40615040922774,-33.483877106185844,-33.685082236383664,-35.04632992292472,-33.47986680004789
295000000.0,-34.51115656084564,-32.36271772549909,-33.46064704918306,-33.65792312252756,-35.053817540721994,-33.453620283896754
300000000.0,-34.514100572094144,-32.34546244299647,-33.453305481579754,-33.650122289109866,-35.06137806807566,-33.445334790458304
305000000.0,-34.54353936035166,-32.3275889950045,-33.457848777114776,-33.649086772780585,-35.100083499906894,-33.446080246798864
310000000.0,-34.53639720160295,-32.306770176717215,-33.44359730393157,-33.630331470105105,-35.09397174096341,-33.429562485944025
315000000.0,-34.544340057584535,-32.28264386909784,-33.434559376191594,-33.61365184041532,-35.106226327413324,-33.41644283781531
320000000.0,-34.5350138189046,-32.23312480999847,-33.40467841879908,-33.591507074272904,-35.11075465432717,-33.38815531616293
325000000.0,-34.547369209595935,-32.22082088008043,-33.40388144031306,-33.58050697680344,-35.124053533113994,-33.382555612877425
330000000.0,-34.55014640784971,-32.20202085586771,-33.39496126147888,-33.55660199682918,-35.12466394876894,-33.36705157529238
335000000.0,-34.548974550102,-32.15315803771023,-33.36897571827166,-33.531435969092776,-35.13575109181302,-33.33976879602069
340000000.0,-34.57381462490162,-32.15769604095341,-33.383325818137365,-33.54273407075373,-35.16375589917135,-33.35222767796391
345000000.0,-34.56491141125581,-32.12206028470614,-33.36034338556615,-33.5098826883852,-35.15622678471579,-33.324471292394364
350000000.0,-34.597662053105665,-32.1092838775959,-33.36908458820501,-33.51378615641621,-35.19782021487917,-33.329845965853366
355000000.0,-34.59078447561747,-32.070524401886004,-33.345313961387355,-33.47699631109785,-35.19176973800343,-33.299947001682106
360000000.0,-34.57043174152155,-32.02594544411181,-33.31258171039468,-33.44394285666087,-35.17681542234516,-33.266243120049765
365000000.0,-34.609645727008,-32.053534273817206,-33.34579665969763,-33.467276941578454,-35.213272439885415,-33.29515748570783
370000000.0,-34.600689425199796,-32.009153252997294,-33.318028882569436,-33.42501440207866,-35.205173274641254,-33.26057737291058
375000000.0,-34.58746997571437,-31.968759491480988,-33.290709206940015,-33.39243516954568,-35.19544487804042,-33.23028446887506
380000000.0,-34.58769308969131,-31.933451083260728,-33.27223523731758,-33.365524840890195,-35.199790215233726,-33.207330225282654
385000000.0,-34.57991947390485,-31.904636825106714,-33.25352855672208,-33.339835772887334,-35.19298916295112,-33.185190980541805
390000000.0,-34.595644089406036,-31.88432520479156,-33.25058053277865,-33.334089390076855,-35.215667604964274,-33.17993310547265
395000000.0,-34.583476988694144,-31.845106087922638,-33.224131123481364,-33.29546774875192,-35.203295514436434,-33.147827162565314
400000000.0,-34.58983593554623,-31.82152358149149,-33.21475444622659,-33.281007094475086,-35.2141146933839,-33.1354824809604
405000000.0,-34.58008490986141,-31.77295891747402,-33.18447138407486,-33.240201599444234,-35.20783190669099,-33.09986488855919
410000000.0,-34.616339880159714,-31.792791541149047,-33.21222929269448,-33.255507252933576,-35.24059253298938,-33.122192749406125
415000000.0,-34.61990072020975,-31.763872161570575,-33.19875156249755,-33.23480291059545,-35.24770612484972,-33.10484905273679
420000000.0,-34.596659186889156,-31.72148977625762,-33.165594192482,-33.194355577815976,-35.224664085711396,-33.06818805270608
425000000.0,-34.570475914012555,-31.664805682761887,-33.123333781206696,-33.136153452986846,-35.196327139028824,-33.018741346369836
430000000.0,-34.60886635383859,-31.670427172222,-33.14442341207716,-33.147176835630205,-35.23651408642196,-33.034895647421685
435000000.0,-34.598855232329626,-31.62923377904118,-33.11839618658071,-33.122300339072254,-35.23423045435929,-33.00825898698799
440000000.0,-34.587630744768404,-31.589062048301933,-33.09181009352521,-33.0802645819542,-35.22072024678486,-32.97475406982887
445000000.0,-34.59116368997072,-31.573189697294662,-33.08547323513864,-33.068879138615095,-35.225290787721626,-32.965791186402996
450000000.0,-34.57322125115164,-31.535602995767803,-33.05743233851403,-33.02971768918372,-35.20502494576359,-32.93273252897434
455000000.0,-34.597038150794724,-31.520441746631324,-33.06090703547186,-33.01788245991278,-35.22802516871453,-32.92906106146665
460000000.0,-34.58433071618565,-31.48304942732483,-33.03559847748357,-32.97579923453859,-35.2101576119396,-32.896390924230516
465000000.0,-34.58698722742355,-31.45316398479158,-33.021445112260665,-32.95505350281022,-35.215764936401655,-32.878630613436066
470000000.0,-34.58037124413937,-31.426053262070795,-33.00451873084678,-32.930242269140706,-35.20832417630614,-32.85792726861481
475000000.0,-34.57702183789909,-31.403810050499384,-32.99175857619866,-32.90079906997675,-35.19815709832079,-32.83800482117432
480000000.0,-34.563744223120175,-31.36573192611715,-32.96608476784448,-32.86106002531099,-35.180764876118964,-32.80600221902008
485000000.0,-34.59358681722435,-31.373741060203887,-32.98505581891368,-32.86889695208405,-35.207799915511224,-32.81986076378777
490000000.0,-34.580842782781424,-31.31384667118574,-32.94772865541952,-32.81987895459598,-35.197768804140544,-32.77654924670094
495000000.0,-34.52556005666664,-31.26200010648293,-32.8953895800976,-32.75158213411353,-35.13024297888346,-32.71789379380349
500000000.0,-34.551696495789905,-31.258726219672997,-32.906571473639396,-32.752245860294074,-35.15564038008085,-32.72399447150634
505000000.0,-34.58172889871378,-31.23830369310194,-32.91021779190843,-32.741853666762324,-35.18742389115338,-32.72066393511649
510000000.0,-34.56149305813091,-31.21369716092289,-32.88878179058531,-32.70822617087144,-35.1590840034955,-32.694145360202974
515000000.0,-34.564459498054056,-31.204345338708023,-32.8867025001128,-32.683485602046744,-35.14835813772042,-32.68264071744974
520000000.0,-34.50511951653929,-31.12972302936525,-32.820044681743155,-32.611290491240254,-35.087914113504176,-32.613243433684225
525000000.0,-34.54391676698035,-31.14988068827809,-32.85035535721141,-32.61615087290488,-35.11262324867721,-32.63287854842723
530000000.0,-34.50381653004462,-31.07541117057394,-32.79229294991943,-32.55193989536379,-35.07587637966837,-32.57135478325944
535000000.0,-34.521147659377675,-31.070270427136943,-32.79954726394729,-32.53715402980512,-35.08105533420745,-32.56914570871808
540000000.0,-34.51928979771368,-31.032834062331105,-32.77916171677289,-32.50720516950893,-35.080340616188245,-32.543928187049765
545000000.0,-34.48931988247835,-30.985523037401368,-32.74151298959662,-32.45234210388237,-35.04089239607311,-32.49884156959474
550000000.0,-34.51522690931047,-30.969587221880232,-32.746372817247185,-32.4360875666324,-35.0597689359678,-32.49418319901608
555000000.0,-34.492129123535925,-30.923490034505416,-32.711967306629596,-32.39532936342437,-35.03634931276171,-32.456482951703954
560000000.0,-34.45800250696686,-30.883064618329264,-32.67612975604097,-32.34366862185031,-34.9911675004997,-32.41403689521712
565000000.0,-34.49243637564636,-30.88024077133528,-32.691734129872955,-32.34483882013497,-35.022276161893956,-32.42285707587294
570000000.0,-34.48693653499922,-30.8643387417791,-32.6832902659328,-32.30864115839188,-34.9966943102183,-32.403003472760844
575000000.0,-34.45069934737561,-30.81137266759102,-32.63989696787356,-32.2488104762667,-34.95102117207712,-32.35243964451135
580000000.0,-34.466193808543565,-30.778601852757696,-32.631004333402714,-32.225354133710496,-34.963987063162584,-32.33646040566959
585000000.0,-34.46009572018299,-30.750933887996116,-32.61570735374902,-32.191044183543276,-34.94607820711033,-32.31289558538196
590000000.0,-34.44619307018489,-30.71530467660895,-32.59149393236758,-32.15823809766332,-34.929482577672616,-32.284499298789086
595000000.0,-34.46484684870599,-30.7181752832682,-32.60410726542937,-32.15154265127154,-34.93496389056554,-32.28885803462361
600000000.0,-34.41386044937527,-30.648810580176182,-32.546024296513835,-32.07357099718024,-34.87064067120975,-32.22215503574665
605000000.0,-34.447561902292534,-30.656931704625997,-32.56860649885664,-32.0736681282681,-34.89043565418582,-32.234983683592404
610000000.0,-34.37634309892079,-30.587922132657305,-32.50193805947561,-31.987013343332713,-34.8014033623121,-32.16007848353361
615000000.0,-34.41080950868852,-30.58321734442493,-32.518691542771805,-31.977594506645023,-34.82095863685415,-32.16519907571458
620000000.0,-34.392840086445744,-30.527198036427894,-32.482102234969815,-31.93290840123847,-34.80215796718825,-32.124227896912714
625000000.0,-34.381112157801745,-30.499981717359596,-32.465729950618375,-31.8915525727154,-34.77148946473605,-32.097240157759124
630000000.0,-34.37457261216457,-30.450973548293376,-32.439980489036785,-31.843390866106756,-34.75232443834572,-32.06123004716426
635000000.0,-34.35461030375299,-30.441243964631973,-32.428093212819235,-31.81681470252223,-34.71807037504388,-32.04344160807948
640000000.0,-34.35316488230343,-30.396492884157173,-32.40742791101812,-31.77134168375936,-34.70164867078147,-32.01152522994743
645000000.0,-34.33206197028839,-30.367935903316287,-32.38565895819668,-31.7284942244032,-34.66356582264693,-31.980867406443828
650000000.0,-34.3286387778808,-30.32383175703591,-32.363459501457754,-31.69294917266846,-34.654164422296915,-31.95201296893853
655000000.0,-34.324404390547414,-30.300956168090835,-32.35519722093778,-31.647939550374005,-34.620050708669304,-31.92820972898147
660000000.0,-34.361407516123776,-30.283502721177648,-32.36661506798996,-31.639528239189502,-34.64693321402481,-31.930132415047137
665000000.0,-34.30534006026191,-30.192203395876568,-32.29412018287222,-31.558562746762277,-34.587868108103926,-31.85308911941176
670000000.0,-34.32244724740241,-30.194204706773636,-32.30925383759334,-31.537517355939325,-34.5743037965443,-31.85299917254155
675000000.0,-34.294042121202686,-30.138811390592824,-32.26986307078615,-31.484743153703626,-34.53665769338237,-31.80725092963685
680000000.0,-34.274185895340835,-30.10525138418074,-32.246716879545396,-31.440898783023993,-34.49994710471006,-31.775127536048476
685000000.0,-34.262301211868625,-30.063215758385976,-32.22259287950193,-31.39978698001186,-34.47605529341156,-31.74311669183728
690000000.0,-34.248716542694524,-30.03306493669211,-32.207464970702155,-31.35251795869351,-34.43326425912363,-31.714180038581468
695000000.0,-34.23655243960348,-29.99164966694257,-32.1859052083849,-31.300036213739943,-34.39599328954289,-31.679063675001693
700000000.0,-34.25771625555073,-29.979159756306615,-32.194215845864484,-31.28803066228981,-34.40066951685797,-31.678066754617763
705000000.0,-34.219041990707744,-29.93586013446624,-32.16072079197646,-31.222573751865692,-34.33162451825548,-31.631021060775772
710000000.0,-34.20968622689125,-29.904604517331265,-32.14279551622829,-31.196574858146914,-34.31634246829128,-31.60896830881072
715000000.0,-34.1828991692226,-29.841620336393177,-32.10515753333417,-31.12366250433395,-34.25880775668181,-31.5557265161079
720000000.0,-34.171148405998316,-29.794725895639917,-32.081898122293616,-31.07149000880108,-34.22135334952098,-31.519591378902465
725000000.0,-34.21007541935305,-29.781257752307194,-32.10198105342852,-31.055708377563352,-34.229559647762585,-31.523419443483643
730000000.0,-34.19774003739848,-29.738402217292588,-32.07650103642132,-31.02460973959879,-34.21361613563295,-31.49458492091705
735000000.0,-34.216650188040674,-29.725821835020085,-32.090739328231386,-30.990633630279156,-34.18730217644149,-31.487896252405456
740000000.0,-34.18159218151432,-29.661625218227346,-32.04507007112681,-30.930815019694187,-34.140585691802784,-31.435335308691595
745000000.0,-34.16164258349711,-29.606264980386374,-32.01184564538774,-30.88060967320018,-34.10604533475058,-31.393962282744706
750000000.0,-34.16790758526676,-29.580641642161524,-32.01320828286519,-30.842362692949763,-34.073137670211054,-31.37779054687945
755000000.0,-34.208440463298885,-29.547639618293267,-32.023893372877765,-30.821235358522003,-34.08568406334501,-31.373385534362818
760000000.0,-34.18938157808106,-29.48817835135946,-31.989317430958934,-30.771964477306465,-34.05228112672652,-31.33151559141643
765000000.0,-34.20327137803127,-29.479057569935666,-32.000824627055614,-30.754033154183468,-34.0371007986198,-31.32979515482266
770000000.0,-34.16666317124006,-29.40348504417305,-31.953419108458775,-30.67930729329369,-33.97339236717533,-31.269683747198165
775000000.0,-34.22248281880932,-29.359358198049872,-31.965459073138547,-30.66139238040574,-34.001606173314755,-31.26690290075374
780000000.0,-34.25350820131187,-29.343658125178283,-31.982029206692992,-30.648485678580787,-34.00337399896463,-31.269713114361334
785000000.0,-34.24077695895745,-29.289697369852526,-31.95643648059589,-30.600656859309044,-33.966548986056615,-31.233588952277962
790000000.0,-34.22913973365289,-29.25157849863407,-31.94504690737384,-30.54833327353089,-33.911106828114725,-31.204109770674147
795000000.0,-34.23594155856901,-29.19410917499592,-31.92670365052738,-30.506968532348644,-33.89382572774291,-31.17443170812194
800000000.0,-34.232682132163774,-29.137702355524752,-31.910382828977696,-30.450133725593144,-33.84645345610552,-31.13957202744612
805000000.0,-34.2525746039252,-29.10694478377898,-31.911431031479786,-30.43169513093556,-33.84556677973404,-31.13102049391971
810000000.0,-34.296837825742685,-29.07050542321489,-31.91887389973118,-30.423426189805415,-33.87205834957406,-31.130089224069472
815000000.0,-34.314655150649486,-29.033765655962508,-31.921800177838282,-30.391065280662968,-33.84906406630624,-31.116717739125882
820000000.0,-34.36508540795549,-28.989195010943117,-31.933788753735115,-30.3722797271509,-33.86324919281916,-31.11358607030283
825000000.0,-34.365092956746764,-28.950963831514827,-31.92942248222394,-30.33333278408234,-33.82109248971619,-31.09336311458886
830000000.0,-34.40173192596519,-28.910117026266118,-31.933526542633665,-30.315260654266428,-33.83073497031886,-31.086410882296214
835000000.0,-34.43065231096212,-28.84580562062225,-31.922973533371565,-30.28211742292435,-33.82936879935243,-31.06427172364977
840000000.0,-34.494191284335066,-28.827892116088144,-31.95271737009739,-30.288952899247267,-33.86211475878066,-31.08264514426306
845000000.0,-34.54528528034357,-28.786073895290002,-31.963325927216523,-30.276535281673276,-33.882188579685575,-31.081642107668337
850000000.0,-34.572811075369515,-28.750324316526232,-31.96861417391069,-30.26010611504882,-33.87897306286045,-31.076148103389155
855000000.0,-34.58916102470739,-28.680606553858272,-31.9469244976735,-30.222631719126465,-33.87016594592255,-31.045986841144536
860000000.0,-34.678784745284204,-28.678917801923877,-32.005176872041275,-30.240038696276876,-33.9046339192451,-31.084995914273982
865000000.0,-34.72183608598392,-28.625584664497783,-32.001767316421535,-30.22659404526898,-33.927201818244555,-31.075518187315016
870000000.0,-34.7648310659013,-28.5912094791731,-32.01212883454464,-30.215703446068254,-33.93762825477432,-31.075461358108303
875000000.0,-34.85426316357738,-28.538420631341744,-32.03614170098601,-30.212761914027126,-33.98045156086091,-31.085603171984033
880000000.0,-34.90949844914762,-28.508694232455145,-32.0508120658397,-30.215193304575397,-34.01230921213853,-31.093593635124158
885000000.0,-34.94774800128136,-28.47179383990803,-32.05726199998673,-30.203727384074142,-34.01922225109373,-31.09105597840513
890000000.0,-35.04733483545799,-28.458863078848502,-32.105487588152705,-30.229977275390087,-34.078506878949085,-31.128053305836723
895000000.0,-35.10097982197634,-28.401646125676123,-32.0993957751742,-30.2200147928054,-34.11365048223111,-31.11875814454232
900000000.0,-35.17235746523245,-28.36418654590201,-32.11872351721307,-30.22019571650114,-34.146719042397244,-31.12837341567715
905000000.0,-35.245729601691245,-28.32593814032257,-32.13324841940111,-30.226258398001953,-34.19310414381284,-31.13789472440637
910000000.0,-35.33734822996707,-28.272052158312487,-32.13962319651837,-30.233563932486646,-34.267974191161386,-31.14303998588801
915000000.0,-35.3930558359956,-28.287025629555437,-32.18524335979289,-30.257429703947018,-34.287680261598304,-31.178487815930186
920000000.0,-35.47721058139451,-28.2395673701525,-32.194950610547934,-30.2625387652536,-34.34607186705633,-31.18486373596244
925000000.0,-35.58512747900932,-28.206355649221564,-32.22059516800202,-30.28595045818794,-34.428337652215866,-31.208295185485472
930000000.0,-35.63967986913211,-28.177122952980582,-32.232869223917426,-30.28897029254889,-34.455871945572,-31.215489229716773
935000000.0,-35.74903411563,-28.177673399969933,-32.284999307524465,-30.325847714755717,-34.52385712373784,-31.260235141745028
940000000.0,-35.812263680622685,-28.129489966734596,-32.27948127682063,-30.324726691606934,-34.57472704827991,-31.25562461483403
945000000.0,-35.92003707189076,-28.11092166212621,-32.30919769705847,-30.361757052962002,-34.66793519699148,-31.287438949038624
950000000.0,-36.023101513995776,-28.069929085385784,-32.33522566098152,-30.36630646754591,-34.71505732938664,-31.303103881437426
955000000.0,-36.077092490816256,-28.05494564204399,-32.34013677916942,-30.386582384984248,-34.77534916489884,-31.314238359168733
960000000.0,-36.1825183670739,-28.027355333432574,-32.36581046065612,-30.409568550933738,-34.85121651360324,-31.337791335864665
965000000.0,-36.22576657769303,-28.03528251901236,-32.39655562929063,-30.42512096351789,-34.8633736747657,-31.361673392978034
970000000.0,-36.294365666745456,-27.98661588904695,-32.38619977402143,-30.428360888816584,-34.929726316625995,-31.356304551216546
975000000.0,-36.38964118097774,-27.945029642269045,-32.387392336054575,-30.447615917452808,-35.023452795072835,-31.36446978757741
980000000.0,-36.44160603624121,-27.927752665233673,-32.39911697069446,-30.45688368765356,-35.055427124920165,-31.374626980655435
985000000.0,-36.539430003708965,-27.883733726927908,-32.405622953492,-30.470727533493122,-35.13422816433181,-31.38333431549032
990000000.0,-36.61176969795736,-27.88127675081992,-32.436402256161124,-30.491278932889358,-35.17678644639512,-31.409144953380874
995000000.0,-36.65759788825864,-27.863289372713066,-32.437081055572364,-30.505035993755698,-35.22502688209447,-31.415109002153994
1000000000.0,-36.70050833651969,-27.814208670930363,-32.42697347075262,-30.488812331431202,-35.239219087707944,-31.40156405840225
1005000000.0,-36.780320603588564,-27.81034229502428,-32.43793129430322,-30.528779247856214,-35.345551014365284,-31.424695664581115
1010000000.0,-36.90995254142009,-27.791549943567993,-32.476270084745565,-30.563776012545137,-35.434743975428866,-31.46075015198775
1015000000.0,-36.921237302654376,-27.74848513519474,-32.457284045520105,-30.53755146238128,-35.424031040790226,-31.438174875863506
1020000000.0,-37.022181600190585,-27.749706460884425,-32.48334844285162,-30.584589114920846,-35.537030676487674,-31.472706880133412
1025000000.0,-37.0675813943297,-27.727974612296705,-32.482151865694235,-30.591182186981577,-35.58075633563442,-31.474390898837335
1030000000.0,-37.09289615987014,-27.71501152780681,-32.48521195512716,-30.591694486270686,-35.59367816394142,-31.47599975159072
1035000000.0,-37.094632274243665,-27.676841737875012,-32.464148702147824,-30.569091842879253,-35.58511307545991,-31.453730889419536
1040000000.0,-37.26052513380681,-27.673476759828773,-32.51259141479632,-30.631772699437857,-35.7308500067096,-31.50776581048256
1045000000.0,-37.2830482369668,-27.650796536220618,-32.50445919751587,-30.62926416360533,-35.754607632284355,-31.50149160729022
1050000000.0,-37.31596521453065,-27.65200076308288,-32.51159731159663,-30.648414431833515,-35.80114561041396,-31.51344791410618
1055000000.0,-37.399477642441845,-27.61778245523797,-32.51481442650367,-30.658900327607096,-35.86776838450069,-31.51927115519083
1060000000.0,-37.44752311661676,-27.606849842233192,-32.516735979963336,-30.677209643459342,-35.93109977521917,-31.5277552079499
1065000000.0,-37.4880832356603,-27.598699950998547,-32.52968733011055,-30.686539889342022,-35.95665813461759,-31.538474255323163
1070000000.0,-37.50062371389593,-27.59977271188747,-32.53021182451034,-30.697803901639045,-35.98892493326706,-31.543201127241325
1075000000.0,-37.628698552074155,-27.589635919435274,-32.56435769703571,-30.739053384589972,-36.08857695730912,-31.58009049796835
1080000000.0,-37.594226038830946,-27.58016807285953,-32.54589334585438,-30.725474128271383,-36.075564915156846,-31.563206123255863
1085000000.0,-37.60271716690025,-27.55668516124905,-32.54150999208499,-30.711206435214642,-36.06009679644657,-31.554013399566653
1090000000.0,-37.71719820335494,-27.519266581966235,-32.547057034471166,-30.734949457127133,-36.16529156207456,-31.566795707356516
1095000000.0,-37.70545185712209,-27.503449745430135,-32.53680195838327,-30.726344383585182,-36.16023560944872,-31.556356412221156
1100000000.0,-37.70022906015115,-27.544692490141966,-32.56028729808183,-30.76149012704167,-36.194161719798565,-31.58415902523336
1105000000.0,-37.724185002073696,-27.491769176617062,-32.534409093696745,-30.7379639689727,-36.205018792171025,-31.558594475668652
1110000000.0,-37.75468562993535,-27.514566578588596,-32.56359697926466,-30.768203025676996,-36.23876802027792,-31.587490253911433
1115000000.0,-37.78684945556628,-27.4940557007385,-32.57314988910588,-30.758430150391455,-36.223110282927934,-31.588294082997116
1120000000.0,-37.74637379700647,-27.482975519898677,-32.543887714272756,-30.75234630639745,-36.24052501476512,-31.568108664034774
1125000000.0,-37.86655737471836,-27.44741456040358,-32.563001568799564,-30.77868013278868,-36.32759797878443,-31.58929938904757
1130000000.0,-37.89599624618408,-27.46714815617659,-32.59041763868776,-30.801893070513625,-36.35208310332628,-31.614333278855877
1135000000.0,-37.867214987100134,-27.439702573375044,-32.55920051799583,-30.784623207541657,-36.35505527305015,-31.58827151137638
1140000000.0,-37.921485656014255,-27.43101625865254,-32.57245364332629,-30.799117343042997,-36.397763122259576,-31.601498909659675
1145000000.0,-37.93126067458367,-27.444999982337663,-32.59654888520313,-30.812160537671343,-36.390957093126744,-31.620054783236704
1150000000.0,-38.00029727943532,-27.436734012204724,-32.617320628713564,-30.834019686428114,-36.44375440612559,-31.64043061052674
1155000000.0,-37.99483696554343,-27.4143750736631,-32.60734031527743,-30.81555415997004,-36.423421406348105,-31.62621210846035
1160000000.0,-37.98559827901465,-27.3935031746559,-32.584551904002986,-30.814028023863642,-36.455822528577826,-31.611499166508157
1165000000.0,-37.977520925848125,-27.373785383432903,-32.5788636051351,-30.798041154367183,-36.42964067211946,-31.6005846867128
1170000000.0,-38.0105373974019,-27.383341494458563,-32.59106201890986,-30.828870279682313,-36.49175056052578,-31.620034942918707
1175000000.0,-37.97741353510288,-27.386078558005003,-32.58631686909233,-30.823267094072882,-36.473540565172506,-31.61418140290617
1180000000.0,-38.03242637289665,-27.390467999327768,-32.61749532740677,-30.846210751639408,-36.50221390420294,-31.640863832163923
1185000000.0,-38.021938048037434,-27.386322146581257,-32.6095686751408,-30.849612112257976,-36.52301500555985,-31.636795972332585
1190000000.0,-38.02660766188278,-27.373829949287185,-32.61238828195375,-30.84343288085781,-36.50986969583222,-31.63494096788629
1195000000.0,-38.00256352691089,-27.36348681953632,-32.60455719926694,-30.833968332634534,-36.49015189031328,-31.625501262088953
1200000000.0,-38.010292473068056,-27.333072686363824,-32.60798547920871,-30.804612486532385,-36.42966735435764,-31.61423863143949
1205000000.0,-38.010545799511405,-27.343812170177387,-32.61730164002217,-30.82002750964683,-36.450520935667974,-31.62518445839218
1210000000.0,-38.021931587172155,-27.342490264802883,-32.6390535189004,-30.821828075169183,-36.42465152263742,-31.637254060770275
1215000000.0,-38.04564218914401,-27.33638693012299,-32.64396654523351,-30.83729368945717,-36.46128640518021,-31.645664606075616
1220000000.0,-37.97647063951226,-27.338558988007378,-32.632617001434866,-30.81799638589505,-36.40682539449144,-31.6298784450117
1225000000.0,-38.02361696597496,-27.3076003526125,-32.64883483948154,-30.800925781009205,-36.372154831782076,-31.631277159802558
1230000000.0,-37.995831449446214,-27.302056058617914,-32.64103784493804,-30.797882957501756,-36.36708838367418,-31.62420485651132
1235000000.0,-38.02074404436207,-27.310041618748926,-32.66378532868159,-30.818452328294036,-36.385128427534156,-31.64493303249301
1240000000.0,-38.05676180616265,-27.262840322787586,-32.653475729036565,-30.801830623267243,-36.38323149171598,-31.631193982695166
1245000000.0,-38.02257803527456,-27.29940168718187,-32.68153020221999,-30.81510664305622,-36.35118673792092,-31.651819561593626
1250000000.0,-38.01855401240333,-27.29339795650681,-32.68318368466272,-30.822339562593832,-36.36218249467907,-31.6543447760222
1255000000.0,-38.01133439542705,-27.2704406836882,-32.68100143137965,-30.80240739988089,-36.32336208380697,-31.643600999457952
1260000000.0,-38.00904263141987,-27.236088582658752,-32.665783305434374,-30.78627189878782,-36.31186844573658,-31.626892201602356
1265000000.0,-38.026150697947415,-27.25760891741567,-32.69769267297324,-30.811109635095765,-36.32219117412757,-31.654604259312606
1270000000.0,-38.002063309716654,-27.243509116679803,-32.68428281661202,-30.80101023558543,-36.312523397857916,-31.64161523725996
1275000000.0,-38.02452472452589,-27.223202173798462,-32.70082340873677,-30.794634796919627,-36.28609750119802,-31.646893027820266
1280000000.0,-37.96675936542357,-27.210258876570272,-32.678186905811096,-30.77590758078623,-36.25507578441813,-31.624759815016887
1285000000.0,-37.91706513004613,-27.204659449840992,-32.67593910946777,-30.754550988782242,-36.194723460928714,-31.612978616867377
1290000000.0,-37.89741566311219,-27.195668662821156,-32.69117135328141,-30.7320891953756,-36.11757928763659,-31.611079980459902
1295000000.0,-37.86255712611492,-27.206083295202298,-32.6987102112001,-30.7372383948667,-36.098847946068204,-31.61600714676073
1300000000.0,-37.8531868424428,-27.182445788712254,-32.696601404913025,-30.71269156009096,-36.0540187726837,-31.603375722834514
1305000000.0,-37.83811564665632,-27.17641762235371,-32.70219622653899,-30.709403902770262,-36.03022477713959,-31.603874085258123
1310000000.0,-37.815363854907396,-27.161939510809894,-32.70397094378792,-30.694055630377264,-35.98663975838585,-31.596941924620438
1315000000.0,-37.83807459202735,-27.14436474378171,-32.71582015505765,-30.69149688279305,-35.978656424364075,-31.601356127790385
1320000000.0,-37.851657360648645,-27.143612552559304,-32.73503291604017,-30.697887429974877,-35.96925522253598,-31.614021512530222
1325000000.0,-37.812968042823606,-27.135213077809254,-32.74857408577545,-30.67142571880791,-35.8809536178401,-31.609004106691163
1330000000.0,-37.79455074554186,-27.10166787036924,-32.728505740294935,-30.65540635757039,-35.86801102386592,-31.58925799825832
1335000000.0,-37.824170449310806,-27.09790809021733,-32.7622602983912,-30.661070122734152,-35.843960168131844,-31.609695830845233
1340000000.0,-37.77135252310205,-27.089629459517827,-32.765416537721215,-30.641087455380834,-35.77593473297035,-31.60103786177251
1345000000.0,-37.73987179419534,-27.07855657078643,-32.75964852962126,-30.629767672863622,-35.74654797731839,-31.591642585340253
1350000000.0,-37.76260667874728,-27.070005440228417,-32.78315439784736,-30.637410714077085,-35.738267495481054,-31.606751596762752
1355000000.0,-37.71980997126449,-27.066628859580412,-32.794221704555866,-30.61577516707226,-35.664594566112704,-31.602342787273734
1360000000.0,-37.70350528065706,-27.047866667511144,-32.79834659560242,-30.606316232416305,-35.62944650074368,-31.59895492720444
1365000000.0,-37.69279407501229,-27.036595981998165,-32.80075695190615,-30.6059181559073,-35.6169879648913,-31.59874126847828
1370000000.0,-37.69323133238923,-27.01718110077699,-32.80267498030205,-30.598714851940304,-35.59951840782275,-31.595607394637074
1375000000.0,-37.665972783829744,-27.009076207482437,-32.815077563427245,-30.586516827754902,-35.54891856136128,-31.595588035493417
1380000000.0,-37.63557080334169,-26.986102716656074,-32.811334170814746,-30.565413817570956,-35.50069982279552,-31.582780065655022
1385000000.0,-37.630258536843215,-26.966726522839494,-32.824194122249,-30.55800142979807,-35.46602321175863,-31.58495827655726
1390000000.0,-37.57006864525738,-26.961867754165304,-32.8377413499449,-30.531214995482753,-35.374450654435236,-31.57905647846591
1395000000.0,-37.57440724123086,-26.9618809380528,-32.86260490389011,-30.536467577853756,-35.353974173326975,-31.59392828739547
1400000000.0,-37.5024144026296,-26.933961788615136,-32.84998576869159,-30.496174209667387,-35.26500971518258,-31.56736765527997
1405000000.0,-37.49557775408264,-26.934178806775243,-32.885990086266204,-30.495298453001844,-35.21470072153117,-31.585380256030362
1410000000.0,-37.48936292227964,-26.91698126291147,-32.89690674183673,-30.484625942439227,-35.18110156272222,-31.585380144514406
1415000000.0,-37.45705722239877,-26.901655399051428,-32.89621582866006,-30.46797683089546,-35.13893757363541,-31.576227860939756
1420000000.0,-37.44272767798045,-26.88887205532445,-32.91932665813383,-30.459739433458335,-35.0843721999079,-31.583930863962276
1425000000.0,-37.390169645687195,-26.883809964562015,-32.93452618489817,-30.441972283552285,-35.0130517253845,-31.58246204560961
1430000000.0,-37.38467282515235,-26.874451897013536,-32.94797437390723,-30.444572096603085,-34.9949916584078,-31.589574327005934
1435000000.0,-37.396038790624196,-26.841247372160247,-32.956014698431396,-30.434199681651556,-34.97559818385513,-31.58762902590469
1440000000.0,-37.34669792379856,-26.82591665386392,-32.96980438749444,-30.409945213849117,-34.893729776318395,-31.58276571921003
1445000000.0,-37.36424400196006,-26.813356061972296,-32.99057911567025,-30.41820751723447,-34.88943287598036,-31.596392185193455
1450000000.0,-37.354602098828764,-26.809632812633986,-33.01746659351798,-30.416641923447493,-34.853420691112,-31.608861885738587
1455000000.0,-37.287927281399355,-26.811147491996525,-33.03714421479688,-30.402180384226053,-34.77547493733256,-31.611004039108966
1460000000.0,-37.27512319859362,-26.78467839543889,-33.03670631028904,-30.390449749171076,-34.747715089647016,-31.604091330752805
1465000000.0,-37.29369602393754,-26.776719090940645,-33.076127119471494,-30.401827652935726,-34.728579654390444,-31.628992094118765
1470000000.0,-37.234193131522915,-26.757605631046104,-33.07732002251844,-30.372207066160676,-34.6547405829901,-31.614529461497952
1475000000.0,-37.22591459019242,-26.743712155125646,-33.11307592802639,-30.37041145453303,-34.60523592031691,-31.63128269268607
1480000000.0,-37.174776040182934,-26.738354691659147,-33.12945645840322,-30.353794445612703,-34.53776243380784,-31.63106028515675
1485000000.0,-37.19145327461184,-26.743587573204746,-33.17163171762198,-30.376084319666738,-34.5341754657422,-31.662229112402866
1490000000.0,-37.10745068748547,-26.740933153284487,-33.17999141328664,-30.34883381941547,-34.44636856966457,-31.652521754381937
1495000000.0,-37.06882372284578,-26.722888722733735,-33.205842071182545,-30.327509175769386,-34.37042955530466,-31.654986284574775
1500000000.0,-37.05786522192178,-26.697292168624536,-33.217544610961,-30.324249808123117,-34.34301503605412,-31.657832233984536
